{
  "gallery_rank1": 0.9779179692268372,
  "template_rank1": 0.9810725450515747,
  "knn_rank1": 0.9779179692268372,
  "gallery_cmc": [
    0.9779179692268372,
    0.9810725450515747,
    0.9818611741065979,
    0.9826498627662659,
    0.9826498627662659
  ],
  "template_cmc": [
    0.9810725450515747,
    0.9818611741065979,
    0.9818611741065979,
    0.9818611741065979,
    0.9818611741065979
  ],
  "knn_cmc": [
    0.9779179692268372,
    0.9763407111167908,
    0.9794952869415283,
    0.9802839159965515,
    0.977129340171814
  ],
  "best_epoch_record": {
    "epoch": 1,
    "train_loss": 16.000611012369326,
    "train_acc": 0.0016018306636155606,
    "val_loss": 14.00442028346498,
    "val_classification_acc": 0.0015772870662460567,
    "val_gallery_rank1_acc": 0.9779179692268372,
    "val_template_rank1_acc": 0.9810725450515747,
    "val_knn_rank1_acc": 0.9731861352920532,
    "lr": 2.364319189068999e-06
  }
}